insert into tags(id, tag, created_at, updated_at) values 
(1, 'upper_clothes', '2017-10-27', '2017-10-27'),
(2, 'lower_clothes', '2017-10-27', '2017-10-27'),
(3, 'sox', '2017-10-27', '2017-10-27'),
(4, 'front_hair', '2017-10-27', '2017-10-27'),
(5, 'back_hair', '2017-10-27', '2017-10-27'),
(6, 'face', '2017-10-27', '2017-10-27');

insert into clothes (id, file_name, name, created_at, updated_at) values
(1, 'assets/images/001.png', '上の服1', '2017-10-27', '2017-10-27'),
(2, 'assets/images/002.png', '下の服1', '2017-10-27', '2017-10-27'),
(3, 'assets/images/003.png', '靴下1', '2017-10-27', '2017-10-27'),
(4, 'assets/images/004.png', '前髪1', '2017-10-27', '2017-10-27'),
(5, 'assets/images/005.png', '後ろ髪1', '2017-10-27', '2017-10-27'),
(6, 'assets/images/006.png', '顔1', '2017-10-27', '2017-10-27'),
(7, 'assets/images/007.png', '上の服2', '2017-10-27', '2017-10-27'),
(8, 'assets/images/008.png', '下の服2', '2017-10-27', '2017-10-27'),
(9, 'assets/images/009.png', '靴下2', '2017-10-27', '2017-10-27'),
(10, 'assets/images/010.png', '前髪2', '2017-10-27', '2017-10-27'),
(11, 'assets/images/011.png', '後ろ髪2', '2017-10-27', '2017-10-27'),
(12, 'assets/images/012.png', '顔2', '2017-10-27', '2017-10-27');

insert into clothes_tags_links (id, tag_id, clothes_id, created_at, updated_at) values
(1, 1, 1, '2017-10-27', '2017-10-27'),
(2, 2, 2, '2017-10-27', '2017-10-27'),
(3, 3, 3, '2017-10-27', '2017-10-27'),
(4, 4, 4, '2017-10-27', '2017-10-27'),
(5, 5, 5, '2017-10-27', '2017-10-27'),
(6, 6, 6, '2017-10-27', '2017-10-27'),
(7, 1, 7, '2017-10-27', '2017-10-27'),
(8, 2, 8, '2017-10-27', '2017-10-27'),
(9, 3, 9, '2017-10-27', '2017-10-27'),
(10, 4, 10,'2017-10-27', '2017-10-27'),
(11, 5, 11, '2017-10-27', '2017-10-27'),
(12, 6, 12, '2017-10-27', '2017-10-27');

insert into user_wearings (id, user_id, upper_colthes, lower_clothes, sox, front_hair, back_hair, face, created_at, updated_at) values (1, 1, 1, 2, 3, 4, 5, 12, '2017-10-27', '2017-10-27');

insert into user_has_clothes (id, user_id, clothes_id, created_at, updated_at) values
(1, 1, 1, '2017-10-27', '2017-10-27'),
(2, 1, 2, '2017-10-27', '2017-10-27'),
(3, 1, 3, '2017-10-27', '2017-10-27'),
(4, 1, 4, '2017-10-27', '2017-10-27'),
(5, 1, 5, '2017-10-27', '2017-10-27'),
(6, 1, 6, '2017-10-27', '2017-10-27'),
(7, 1, 12, '2017-10-27', '2017-10-27');